{
  "sebastian/__init__.py": 1775832727.3493276,
  "sebastian/main.py": 1775832727.3650715,
  "sebastian/llm/provider.py": 1775832727.3642342,
  "sebastian/llm/registry.py": 1775832727.3643744,
  "sebastian/llm/__init__.py": 1775832727.3633459,
  "sebastian/llm/crypto.py": 1775832727.3639312,
  "sebastian/llm/openai_compat.py": 1775832727.3640995,
  "sebastian/llm/anthropic.py": 1775832727.3635328,
  "sebastian/trigger/__init__.py": 1775832727.3702111,
  "sebastian/core/session_runner.py": 1775832727.3581994,
  "sebastian/core/protocols.py": 1776057961.7374938,
  "sebastian/core/base_agent.py": 1775832727.3577344,
  "sebastian/core/agent_loop.py": 1775832727.3574462,
  "sebastian/core/tool_context.py": 1775832727.3590422,
  "sebastian/core/__init__.py": 1775832727.3572814,
  "sebastian/core/types.py": 1775832727.3594077,
  "sebastian/core/stalled_watchdog.py": 1775832727.3583345,
  "sebastian/core/task_manager.py": 1775832727.3587577,
  "sebastian/core/stream_events.py": 1775832727.3584676,
  "sebastian/core/tool.py": 1775832727.358912,
  "sebastian/capabilities/registry.py": 1775832727.3521988,
  "sebastian/capabilities/__init__.py": 1775832727.3511274,
  "sebastian/capabilities/mcp_client.py": 1775832727.3514314,
  "sebastian/capabilities/tools/_loader.py": 1775832727.353537,
  "sebastian/capabilities/tools/__init__.py": 1775832727.3531687,
  "sebastian/capabilities/tools/_path_utils.py": 1775832727.353677,
  "sebastian/capabilities/tools/_file_state.py": 1775832727.3533683,
  "sebastian/capabilities/tools/write/__init__.py": 1775832727.3555577,
  "sebastian/capabilities/tools/check_sub_agents/__init__.py": 1775962011.260038,
  "sebastian/capabilities/tools/read/__init__.py": 1775832727.3551116,
  "sebastian/capabilities/tools/delegate_to_agent/__init__.py": 1775832727.354208,
  "sebastian/capabilities/tools/grep/__init__.py": 1775880265.9262462,
  "sebastian/capabilities/tools/bash/__init__.py": 1775832727.3538818,
  "sebastian/capabilities/tools/edit/__init__.py": 1775832727.3543663,
  "sebastian/capabilities/tools/glob/__init__.py": 1775880237.089432,
  "sebastian/capabilities/tools/todo_write/__init__.py": 1775832727.355402,
  "sebastian/capabilities/tools/inspect_session/__init__.py": 1775832727.3548553,
  "sebastian/capabilities/tools/spawn_sub_agent/__init__.py": 1775832727.3552587,
  "sebastian/capabilities/mcps/_loader.py": 1775832727.3520267,
  "sebastian/capabilities/mcps/__init__.py": 1775832727.3517058,
  "sebastian/capabilities/skills/_loader.py": 1775832727.3527675,
  "sebastian/capabilities/skills/__init__.py": 1775832727.352609,
  "sebastian/memory/working_memory.py": 1775832727.3657131,
  "sebastian/memory/store.py": 1775832727.3655796,
  "sebastian/memory/__init__.py": 1775832727.3652842,
  "sebastian/memory/episodic_memory.py": 1775832727.365424,
  "sebastian/identity/__init__.py": 1775832727.363072,
  "sebastian/config/__init__.py": 1775832727.3570485,
  "sebastian/agents/_loader.py": 1775832727.3497896,
  "sebastian/agents/__init__.py": 1775832727.3495903,
  "sebastian/agents/code/__init__.py": 1775832727.3501098,
  "sebastian/agents/code/tools/__init__.py": 1775832727.3508086,
  "sebastian/protocol/__init__.py": 1775832727.367202,
  "sebastian/protocol/a2a/__init__.py": 1775832727.367526,
  "sebastian/protocol/events/__init__.py": 1775832727.3677628,
  "sebastian/protocol/events/types.py": 1775832727.3680198,
  "sebastian/protocol/events/bus.py": 1775832727.3678982,
  "sebastian/cli/__init__.py": 1775832727.355867,
  "sebastian/cli/updater.py": 1775832727.3564198,
  "sebastian/cli/init_wizard.py": 1775832727.3562572,
  "sebastian/cli/daemon.py": 1775832727.3561056,
  "sebastian/permissions/__init__.py": 1775832727.366544,
  "sebastian/permissions/types.py": 1775832727.3669775,
  "sebastian/permissions/reviewer.py": 1775879566.7827313,
  "sebastian/permissions/gate.py": 1776057631.4675183,
  "sebastian/sandbox/__init__.py": 1775832727.3682187,
  "sebastian/log/__init__.py": 1775832727.364642,
  "sebastian/log/manager.py": 1775832727.3647962,
  "sebastian/log/schema.py": 1775832727.3649228,
  "sebastian/orchestrator/conversation.py": 1776057572.5559695,
  "sebastian/orchestrator/__init__.py": 1775832727.3660054,
  "sebastian/orchestrator/sebas.py": 1775832727.3663108,
  "sebastian/gateway/auth.py": 1775832727.3601866,
  "sebastian/gateway/__init__.py": 1775832727.3596272,
  "sebastian/gateway/sse.py": 1776063545.6303566,
  "sebastian/gateway/app.py": 1775832727.3598,
  "sebastian/gateway/state.py": 1775832727.3628585,
  "sebastian/gateway/setup/setup_routes.py": 1775832727.3625817,
  "sebastian/gateway/setup/security.py": 1775832727.3620179,
  "sebastian/gateway/setup/__init__.py": 1775832727.3617504,
  "sebastian/gateway/routes/sessions.py": 1775832727.3613675,
  "sebastian/gateway/routes/approvals.py": 1775832727.3607647,
  "sebastian/gateway/routes/llm_providers.py": 1775832727.361067,
  "sebastian/gateway/routes/__init__.py": 1775832727.360396,
  "sebastian/gateway/routes/stream.py": 1775832727.361492,
  "sebastian/gateway/routes/agents.py": 1775832727.3605304,
  "sebastian/gateway/routes/turns.py": 1775832727.361631,
  "sebastian/gateway/routes/debug.py": 1775832727.3609014,
  "sebastian/store/event_log.py": 1775832727.3690293,
  "sebastian/store/task_store.py": 1775832727.3698494,
  "sebastian/store/models.py": 1775832727.3693995,
  "sebastian/store/database.py": 1775832727.3688848,
  "sebastian/store/__init__.py": 1775832727.3685963,
  "sebastian/store/todo_store.py": 1775832727.3699925,
  "sebastian/store/index_store.py": 1775832727.3691885,
  "sebastian/store/session_store.py": 1775832727.3696911,
  "sebastian/store/owner_store.py": 1775832727.369538,
  "sebastian/store/migrations/__init__.py": 1775832727.3692656,
  "ui/mobile-android/build.gradle.kts": 1775974386.963983,
  "ui/mobile-android/settings.gradle.kts": 1776048093.0284278,